{
  "apps": {
    "script": "./bin/www",
    "cwd": "./",
    "interpreter": "",
    "interpreter_args": "",
    "watch": false,
    "ignore_watch": ["node_modules", "logs"],
    "exec_mode": "cluster",
    "instances": 4,
    "env": {
      "NODE_ENV": "development"
    },
    "env_development" : {
       "NODE_ENV": "development"
    },
    "env_production" : {
      "NODE_ENV": "production"
    },
    "max_memory_restart": "1G",
    "error_file": "./logs/app-err.log",
    "out_file": "./logs/app-out.log",
    "merge_logs": true,
    "log_date_format": "YYYY-MM-DD HH:mm:ss",
    "autorestart": true
  }
}
